{"LuckySpinTutorialStep":0,"IsADSRemove":false,"SoundVolume":0.44403472542762759,"MusicVolume":0.7536332011222839}